Cell Number,Average Cell Weight (g),Standard Deviation (g)
1.0,46.97764568867391,0.006251284435418234
2.0,46.94553552767187,0.005427862637593549
3.0,46.81039452424063,0.022121790147361924
4.0,47.03837900479997,0.010292163418227543
5.0,46.90887202478014,0.00460496551227086
6.0,46.98478117379968,0.007225823482835252
7.0,47.023948981087926,0.04188908824713053
8.0,46.92228560318221,0.008855238949879015
9.0,46.62260060145709,0.007531168665189711
10.0,46.86266789889568,0.008404195204826761
11.0,46.8735733809499,0.005951671295068824
12.0,46.841484744067536,0.005593630218321453
13.0,46.67106810050822,0.004210043467316258
14.0,46.841148411899965,0.0861142680756824
15.0,46.97397088056677,0.034834627708394045
16.0,46.85819345114414,0.007308186118514324
17.0,47.08473865868568,0.005624244970733267
18.0,46.9316360872586,0.00663876784228844
19.0,47.09188805214511,0.00677207804632802
20.0,46.9306589658162,0.005421529174961064
21.0,47.046294055928605,0.07471611247101127
22.0,46.70325640854639,0.006620169234816679
23.0,46.800894236527256,0.006034353943153573
24.0,46.77805803797499,0.007166942769474896
25.0,46.98279364900885,0.17111638033971205
26.0,47.11375421223918,0.010137217725016636
27.0,46.88999163094859,0.008809193012128643
28.0,46.96196335965101,0.0035472067998877014
29.0,46.95061676589526,0.29437059656081477
30.0,46.51614416846869,0.00857407454606236
31.0,46.71322079960022,0.006064485496737315
32.0,46.59295448822977,0.09642198310528059
33.0,46.892128057159326,0.006694398152711408
34.0,46.7951379548971,0.005436823009694075
35.0,46.82717568249986,0.005328486106216819
36.0,46.88690775977739,0.007459670181749482
37.0,46.58398030540166,0.005997827314275907
38.0,46.85184145460065,0.004384002660173197
39.0,46.74179661220722,0.004947606101931371
40.0,46.85782434179163,0.005221663298697766
41.0,47.02719993568884,0.005939205619206899
42.0,46.959092939950246,0.07974303798465389
43.0,46.60934138380171,0.00643631186854299
44.0,47.04139013445531,0.0054628484356703064
45.0,46.8633164510778,0.10115131349682668
46.0,47.12487786988847,0.006171625664925802
47.0,46.903212292930576,0.0070876892053818195
48.0,46.93954766878137,0.006731730355794553
49.0,46.77755707337373,0.0073428056887646686
50.0,46.76700439917332,0.007237049320672321
51.0,46.874430283815926,0.00495369735044757
52.0,46.72834246873972,0.14181666828636064
53.0,46.625457371014896,0.008484196597753584
54.0,46.816785405117635,0.008759091533125237
55.0,46.74421582583023,0.009171865689377267
56.0,47.15730632721568,0.00611106266238637
57.0,46.850243899358475,0.006662421975359233
58.0,46.55264283697311,0.009183683666210567
59.0,46.72183407009664,0.006586519385976909
60.0,46.8665743043231,0.006888804391054757
61.0,46.822855855343825,0.0074440308811730945
62.0,47.126107587510376,0.005193725265577698
63.0,46.612289509997545,0.006569897789652136
64.0,46.65805767440272,0.006737938673713393
65.0,46.541759325217924,0.006025317671683684
66.0,46.885252914042105,0.006090054689855168
67.0,46.98791330700951,0.004807867626533678
68.0,46.96635931445473,0.00677750407347194
69.0,46.73194423454638,0.0065637979811043945
70.0,46.9418046777091,0.006915850600477104
71.0,46.749172503558306,0.0050228316631688455
72.0,46.7728347314544,0.005456503079620355
73.0,46.90373411669289,0.006063862164976616
74.0,46.37187013288214,0.004883417830071341
75.0,46.92415518867972,0.00794977013228505
76.0,46.88297885551051,0.005136686370577131
77.0,46.69055581737479,0.005928911610356353
78.0,46.89654095046321,0.0051878121789829335
79.0,46.81215908917104,0.00626639499569801
80.0,46.79858658903034,0.006958768574189369
81.0,46.9614608892547,0.004810971667506318
82.0,47.083134722481596,0.0058144412959205555
83.0,46.90297211903559,0.0062506996921374985
84.0,46.70915815807746,0.007122710406630201
85.0,46.80655796517673,0.006190072144093512
86.0,47.11078320841588,0.006498926445888799
87.0,46.99400468582678,0.11801390374989004
88.0,46.7993784063335,0.005969809054819175
89.0,47.081518632518076,0.007594744252559729
90.0,46.8745858359524,0.006012170018669603
91.0,46.87959573979661,0.008212590789709772
92.0,46.80713178599344,0.005082884313336112
93.0,46.90512552008432,0.0067744486141223135
94.0,46.9687765278276,0.00675720301415596
95.0,46.647093201093774,0.014483368451923367
96.0,46.546173733303725,0.004779804550015619
97.0,46.78193518528463,0.006309839248679648
98.0,47.05080665069104,0.006212463425816471
99.0,46.57522942316086,0.005973408795353303
100.0,47.0300278313099,0.004165289836846496
101.0,19.99932495272692,0.0007758355989237765
102.0,46.983661272504285,0.007254420939075469
103.0,47.030771051359466,0.005868561018868024
104.0,46.83372706082857,0.006333320190433632
105.0,46.94408185843447,0.007356816412517064
106.0,46.88903747722634,0.0051768636090519845
107.0,46.76258730247188,0.00600742479036631
108.0,47.097064044576676,0.012812639254623191
109.0,46.87685063757057,0.009689468545899575
110.0,46.85069335001967,0.008438100948593659
111.0,46.7306977848769,0.010106912927273923
112.0,46.64323632320848,0.007724835916501296
113.0,46.52976940725921,0.006554246211443766
114.0,46.95633668661774,0.006574169531458722
115.0,46.73902862346302,0.007644521467420788
116.0,46.99771520777474,0.008053905034605017
117.0,46.561695276320364,0.006576268671567647
118.0,46.70708537419963,0.005544652182643558
119.0,46.57129186518394,0.006131250366728417
120.0,46.92227695167393,0.007002604574018094
121.0,46.803893703830155,0.03650970723246907
122.0,46.97191744323482,0.007729716748593158
123.0,47.03611173919343,0.0063001995303072714
124.0,46.89306962919926,0.007086012745633609
125.0,46.91927727512943,0.006819279652116155
126.0,46.8877782221151,0.00805393051808896
127.0,46.746136986604796,0.0074161387888934446
128.0,0.0065630767951533,0.0001524975651799892
129.0,46.696100680564335,0.004364118554082593
130.0,46.834773940172454,0.20026893799243775
131.0,46.62587259714628,0.006354375131529209
132.0,46.974825332459844,0.005393861552753981
133.0,46.96491452655973,0.005944150008805266
134.0,46.8528873901304,0.009596744109697065
135.0,46.57258781320297,0.005909762515050218
136.0,47.05680152910787,0.008795165273434649
137.0,46.96823638442857,0.009754942089556563
138.0,46.46473146056094,0.006699205934103831
139.0,46.75216989027744,0.007265992128164569
140.0,46.910152276592065,0.008428595371697023
141.0,46.89180828815659,0.007397300914426821
142.0,46.75292549051456,0.005681139366248678
143.0,46.97574597195722,0.007569877791620508
144.0,46.794632550835395,0.0674113343850218
145.0,46.970243301256595,0.009197931259273253
146.0,46.83890835249674,0.005466563702593935
147.0,46.808251152831204,0.054172645983222426
148.0,47.003634779576565,0.008640756020769814
149.0,46.84415702783248,0.007135966562849375
150.0,46.72673167412323,0.007099809135637059
151.0,46.86280180812272,0.007012743014366705
152.0,0.005490439555627638,0.00014204296358779077
153.0,46.93352831138377,0.005976637068506248
154.0,46.90720811970976,0.004500466593232908
155.0,46.72744393089405,0.008077347920148227
156.0,46.95831020383457,0.005686573035606444
157.0,47.05466010710575,0.008373158184098584
158.0,46.894743792992486,0.006093137123609052
159.0,46.515840246898534,0.006040503757898628
160.0,46.6774332126839,0.008679034264847865
161.0,46.88732519260979,0.005916663884393182
162.0,46.82946697960022,0.006657772881998473
163.0,47.001785571388815,0.013266730967564262
164.0,46.97028028892416,0.00782168917461538
165.0,46.66427827142608,0.02562288035002202
166.0,46.93164894063692,0.011325205949280891
167.0,47.0067368267557,0.007975072669655067
168.0,47.02103639095936,0.007998792050153051
169.0,46.63104333214585,0.008932617864268277
170.0,47.07227248802445,0.006013898606593166
171.0,46.79574151798306,0.006212676582578751
172.0,46.93837938472159,0.009059781875519412
173.0,47.025750117715766,0.007707939392128785
174.0,46.73593890132725,0.00572929948072354
175.0,47.011092942301524,0.006257195578375603
176.0,46.997745728927285,0.4370531422561128
177.0,47.02185578678278,0.0055147375664180605
178.0,46.90662707280716,0.007274833827267389
179.0,46.77007920859804,0.005924174305799013
180.0,46.92173920135343,0.00803025476788123
181.0,47.09480275056749,0.00525646957314721
182.0,46.82977353699596,0.007511969286198084
183.0,46.87508913988399,0.11512592117304475
184.0,47.07136261192666,0.007162789748706849
185.0,46.669270859664,0.004830795192344672
186.0,46.845162332691594,0.005116904226007257
187.0,46.87007498916041,0.005827108672594824
188.0,46.908678137107735,0.006443124325651547
189.0,47.10469201849446,0.007145790254516897
190.0,46.919431861853745,0.008246480287215556
191.0,46.623912277343166,0.0071164396208743715
192.0,47.025836674823125,0.00851942043155486
193.0,46.67732573342612,0.006947222697480339
194.0,46.94646374112781,0.004566514838258647
195.0,46.59751326844636,0.006290387819332675
196.0,46.88948905110501,0.00821708217262903
197.0,47.15687267695325,0.005057483904640309
198.0,46.99770335627703,0.0077927862625937734
199.0,46.86347007585393,0.006257979243892552
200.0,46.96481101718559,0.004231510021101785
201.0,46.84046971573433,0.009957009228094166
202.0,46.78276588363564,0.004043213382465148
203.0,47.08818540762987,0.008401254894740364
204.0,46.998770588143984,0.00857773311480058
205.0,46.87252250729585,0.005839787696724476
206.0,46.92969929714741,0.007519642188268016
207.0,46.9266888672298,0.00727939189893697
208.0,0.0003248862897985705,0.0
209.0,46.806267253974916,0.005056131089275334
210.0,46.84910549164935,0.0071703779651860035
211.0,46.804500487329435,0.006720136601248195
212.0,46.88533411116328,0.006023179393641326
213.0,46.717451392012805,0.005347777215054969
214.0,46.77841496673347,0.1425778067181471
215.0,46.88888129262673,0.00777342246693799
216.0,46.75468889942575,0.005906069840254546
217.0,46.997334138572974,0.18746599878763884
218.0,47.14919131564823,0.25504085469005444
219.0,46.969516721362716,0.006350310339120693
220.0,47.01008731063624,0.04230348908962841
221.0,46.91624968662543,0.008507972800724146
222.0,46.81035122928649,0.1096478712972514
223.0,46.577714711615634,0.006614887822769377
224.0,46.98997395403134,0.009502456510855933
225.0,46.76182628843063,0.007753827441364211
226.0,46.59073367799531,0.002218321206054894
227.0,46.95393311902237,0.016076855370382257
228.0,46.591851524447065,0.008231806097545468
229.0,47.03499204726198,0.004119417375415127
230.0,46.911776807393736,0.01812727618083258
231.0,46.86512453079439,0.005109134260389092
232.0,46.625413983893516,0.004946809202496079
233.0,46.88723755938668,0.007487589957142328
234.0,46.84243335029783,0.0048443530276651115
235.0,46.74916441916562,0.0036828341828790663
236.0,46.74711392679228,0.00326543046641442
237.0,46.89502034407004,0.006476477916598408
238.0,46.657042872672285,0.0035533185578400473
239.0,46.8810528624626,0.0061356514210231285
240.0,46.86245731920393,0.0054863575319482275
241.0,46.846634848511634,0.007628158239590519
242.0,46.8385413101013,0.025638887590055934
243.0,46.8563987298811,0.007666471486315799
244.0,46.605793506051704,0.007226713698478503
245.0,46.7613987635502,0.004117003255412082
246.0,46.94153475194775,0.00588557443450947
247.0,46.69107816502505,0.006354703480868324
248.0,47.03814030699862,0.003885641840779861
249.0,46.900550434989604,0.04212757014675244
250.0,46.66913734693352,0.008029578086489587
251.0,0.008206362900233738,0.0002888617472978286
252.0,47.00140821631792,0.0093918228937383
253.0,46.64763434627927,0.03925981028674611
254.0,46.86734919830721,0.008510297097798325
255.0,46.83197566859476,0.004951035539900768
256.0,46.78136524280809,0.08601828851819004
257.0,46.866225218629374,0.009891687980517627
258.0,46.651469092196805,0.00639578050734051
259.0,47.09564096683605,0.10618215144259276
260.0,46.67877565024975,0.007482852185016743
261.0,46.75968163876523,0.006460099599553074
262.0,46.74996327644183,0.4905481387646439
263.0,46.87450196384601,0.007430764298620666
264.0,46.69520907676618,0.006209628162817974
265.0,46.66912033945411,0.004314992649658408
266.0,46.606699963491025,0.006371357750801477
267.0,46.999047333924196,0.21173618396422209
268.0,46.92449232893125,0.005727512774211823
269.0,46.71929517159046,0.009189906788322606
270.0,46.922891976733325,0.010407375747103311
271.0,46.936051947121996,0.0060180591479887585
272.0,46.88969873059224,0.04247272023233169
273.0,46.9852960526223,0.05799797949672413
274.0,47.058142081189686,0.1053782729514813
275.0,46.78407961815472,0.006937496620899898
276.0,46.85215282341453,0.054939463085944135
277.0,46.91274714694693,0.007237367538734216
278.0,46.90452775577099,0.01479325487508747
279.0,46.904564115703195,0.11912130925099286
280.0,46.88568894970865,0.015005823850557357
281.0,46.79371887943612,0.08454841445626418
282.0,46.70254626309411,0.1071391312157615
283.0,46.86140814070281,0.06810479681841553
284.0,46.91094241937007,0.07290669758748025
285.0,46.8821208467084,0.05646150159408653
286.0,46.71760884867111,0.13754175323514484
287.0,46.772482191827784,0.0723223216897526
288.0,47.01023619186961,0.005938422057288652
289.0,46.629655521205606,0.18326970855633973
290.0,46.739652892428936,0.10385663720969653
291.0,46.9673700294592,0.09085592612650015
292.0,46.84271974585513,0.09043839657736549
293.0,46.84649190096316,0.03158964295215449
294.0,47.06119490350793,0.09798516018382043
295.0,47.00249536230815,0.08496777737512942
296.0,46.910485418321095,0.020736118166311282
297.0,46.78751699625629,0.06586854755282302
298.0,46.71807072530717,0.06681087693475544
299.0,46.784513853030376,0.04705135504368348
300.0,46.82688390306263,0.021792979443003513
301.0,46.90257419630406,0.03891595893511834
302.0,46.91810241237022,0.03968418830809474
303.0,46.769197327403006,0.11280744216403832
304.0,46.688284843999874,0.07668534654439474
305.0,46.931732588578846,0.03416566618098178
306.0,46.814270590496925,0.09351746303320817
307.0,46.7749866755642,0.07245404299522826
308.0,46.777446831564475,0.008611012459593455
309.0,46.81455466952392,0.02756923091444456
310.0,47.033790881218735,0.1256063787087097
311.0,47.03083405178177,0.09684591697152822
312.0,47.014921632461906,0.004856755543858799
313.0,46.88099906324923,0.05796459710947712
314.0,46.97029938878577,0.004328647852339529
315.0,46.95861596292225,0.006180457011210578
316.0,46.86477739283744,0.0475202344060748
317.0,46.93887399880976,0.045749006932457474
318.0,46.99970789267179,0.014720754724461745
319.0,46.96521379366492,0.013019883210302088
320.0,47.01542041962477,0.03424359415420943
321.0,46.845282333421665,0.08743756284319441
322.0,46.888837462449615,0.12561317040864414
323.0,46.92177749472055,0.10955206936916885
324.0,46.87242247704452,0.005110903250595537
325.0,46.84782086838669,0.021227464717080695
326.0,46.88049883919871,0.023737938057194506
327.0,46.70201135109327,0.10671150622124677
328.0,47.02284859227428,0.18298992302316344
329.0,46.874327154540055,0.15828934232742214
330.0,47.11790245499176,0.15030303601067307
331.0,47.00463109744405,0.09549781417724255
332.0,46.690871362050466,0.13519353591019506
333.0,47.03283072616915,0.19391485043847295
334.0,46.88801592746508,0.012330017675724902
335.0,46.87016738868106,0.010315140847806926
336.0,47.015824028237105,0.05306094681045494
337.0,46.77094668422301,0.14909516805352152
338.0,46.95347475667675,0.1293425877583574
339.0,46.94238445898231,0.003620676154378509
340.0,47.042726998652554,0.039188734005118415
341.0,47.0250568889549,0.0234791781561367
342.0,47.07468808540771,0.02296254183075049
343.0,46.98759274314514,0.060391306993268466
344.0,46.9482093176449,0.017462197838854394
345.0,46.956270589723324,0.014041988516539235
346.0,47.110343247570256,0.07657720414018884
347.0,47.14072488812084,0.18838949706935204
348.0,46.99931501209921,0.06604098895075901
349.0,46.98369075756441,0.07875830993819832
350.0,46.982879840144264,0.010548160610698954
351.0,47.04710357110197,0.015397049610500728
352.0,46.82408430436565,1.026939122405967
353.0,47.08274762299551,0.10210214060660547
354.0,47.06924448407682,0.02622371324863564
355.0,46.74114708409349,0.29278732398819046
356.0,47.01000887452652,0.3242714899553002
357.0,47.11600755391597,0.06944065983403729
358.0,46.91950477022485,0.22803033531100003
359.0,46.9554320724314,0.06580896644020863
360.0,46.96749307535477,0.12332001640776666
361.0,46.869970679325625,0.14660016582862312
362.0,46.89568832376695,0.11933198612378663
363.0,47.00990546758182,0.09199016771154155
364.0,47.02077388856957,0.021288174109967698
365.0,46.627388291866694,0.003532116544199046
366.0,46.60044635040384,0.07137899422090865
367.0,46.88627588332917,0.15830106606967093
368.0,47.041955446982755,0.04722367193228717
369.0,46.908847961945746,0.02329597285987031
370.0,46.756900142702484,0.19813015710857568
371.0,46.674252511398116,0.011718531793321907
372.0,46.70128144006704,0.005827811684352094
373.0,46.884118741165956,0.5340846948197167
374.0,46.923333315408975,0.1552377683787289
375.0,46.786804329763775,0.1638213731906845
376.0,46.78779287702662,0.10762219262626825
377.0,46.92700494650539,0.06613669324540408
378.0,47.15813333659914,0.45102951523951795
379.0,47.00137403254867,0.21889086299884603
380.0,47.20175885680509,0.4494543300422876
381.0,46.98972152525405,0.03835174715372215
382.0,46.773540126347996,0.1708886097782608
383.0,46.60884965466302,0.025538538217134345
384.0,46.668425809807026,0.03859712038724552
385.0,46.81037012802968,0.0651686336536791
386.0,46.9069661057008,0.03732584314131438
387.0,46.88192363572202,0.08647313280505216
388.0,46.537377359928506,0.12066646990731585
389.0,46.909392736300056,0.06659579370916739
390.0,46.81058328116295,0.2956821874557454
391.0,46.819567527446516,0.07256901714025599
392.0,46.83364854778476,0.01905108914115992
393.0,46.873067038961686,0.41394520365681176
394.0,47.031568830003856,0.1472082918374231
395.0,47.04328635808706,0.038524869372205825
396.0,47.13971118840203,0.05463568050714146
397.0,46.96208207013897,0.1134281036515946
398.0,46.775256668150966,0.0648347225031169
399.0,46.9066962796719,0.1528951354366028
400.0,46.83042096696798,0.03354798921711944
401.0,47.035745805047725,0.13565891511115252
402.0,47.08581220063335,0.02120812533668467
403.0,47.12049105014519,0.01902679118644789
404.0,46.8646177184305,0.15631861391148918
405.0,46.93286682920073,0.05950190804320235
406.0,46.812187233856484,0.11228704038026385
407.0,46.868985145507516,0.0052049785662341705
408.0,46.87709458684899,0.00635929698896278
409.0,46.83142053470419,0.066821490803273
410.0,46.910404736196455,0.04903569640180521
411.0,47.03835256639223,0.10448334129390124
412.0,47.05839048888311,0.05289280261761605
413.0,47.05699558451964,0.038571642200027914
414.0,47.02595603425785,0.5355301085374929
415.0,46.81435500159525,0.058795099259397215
416.0,46.86999597329505,0.08334092732633175
417.0,46.93906212374489,0.02860528663508384
418.0,46.972736312142764,0.0512084988524356
419.0,46.99902586518066,0.006689515302720152
420.0,46.93491953926285,0.038830640963864654
421.0,47.01002736065654,0.048090104903514445
422.0,46.912110190311296,0.0847361069892402
423.0,46.92109524785292,0.12378769090428189
424.0,46.98742095426739,0.016388871514012394
425.0,46.699456017329574,0.22797085857429425
426.0,46.529349561879826,0.0380179448601549
427.0,46.891601839608335,0.0035677999706564345
428.0,47.06521089161598,0.11511264304374351
429.0,47.219422379594235,0.04208650597329831
430.0,46.979876688764264,0.30506401474614064
431.0,46.75420127442399,0.17174212337831285
432.0,46.970279457001354,0.13400049212558304
433.0,46.86572834364349,0.055329489157616554
434.0,46.93442900173981,0.07788004192380281
435.0,46.957937444381116,0.02087739562774244
436.0,46.955957372889415,0.006062641167973906
437.0,46.79686989095839,0.0072453500069578946
438.0,47.165849326460965,0.23947771937987758
439.0,47.27693669639477,0.13196481101072846
440.0,46.89643833783616,0.06044751926001536
441.0,46.77381636326302,0.09196851589780175
442.0,46.75724191974911,0.062432256006680474
443.0,46.85309157282348,0.02898502341691733
444.0,46.87412886976501,0.004895842226742728
445.0,46.994996505809006,0.18871928444557617
446.0,46.8494408012128,0.07957011746320979
447.0,46.93865051785366,0.06550768167893767
448.0,46.94822347740293,0.08628298406477697
449.0,46.83563931400962,0.12639932315742097
450.0,46.75085311209168,0.47582124987859264
451.0,47.01643675521884,0.2570232151451628
452.0,46.95302677619274,0.26232731978372
453.0,47.00216175962741,0.18982977459888492
454.0,46.99491582089899,0.1043174706058089
455.0,46.87521763596542,0.010848020210003492
456.0,47.08170793610807,0.09287301669621845
457.0,47.07911229003685,0.11229480103633308
458.0,47.04192000775726,0.11041501587086953
459.0,47.06368445255502,0.042880379503843956
460.0,46.95308246571528,0.05230383260947829
461.0,46.932131461509535,0.010519445416624877
462.0,46.826174759410584,0.09791505591724878
463.0,46.947629404290396,0.14320875167787317
464.0,46.96746848031489,0.05735778062746008
465.0,47.028081125832216,0.03891145684443245
466.0,46.76316197810232,0.109181789577983
467.0,46.839499857832976,0.07098088052651874
468.0,46.91329956648186,0.013288969503794284
469.0,46.93748534115751,0.016977521032311867
470.0,47.026365928636444,0.007561929705996743
471.0,47.069507171231045,0.04703596834636638
472.0,46.79049332419433,0.12772421696779193
473.0,46.67208021994946,0.03967514951042731
474.0,46.74160579168171,0.10810927739385137
475.0,46.903787192673335,0.007303259921025036
476.0,46.91710816432461,0.19391112075690106
477.0,46.80874455870212,0.0365343034309224
478.0,46.97501205413254,0.0856470867336611
479.0,46.889124401893476,0.10689260739834312
480.0,47.01408522030894,0.08212314988865237
481.0,47.00530995389699,0.018141008821619113
482.0,47.17143062969353,0.0818149894274293
483.0,46.920906554114204,0.16309511992600723
484.0,46.72339579354997,0.044463861551118755
485.0,46.74395003955966,0.018022618107975157
486.0,46.70454565588519,0.005247657620759846
487.0,46.688281381587366,0.011791330997345155
488.0,46.85606242268835,0.027872401440793077
489.0,46.621428532001374,0.12126570396015289
490.0,46.91064881029775,0.13899520789845862
491.0,46.956053815119795,0.04042248356616091
492.0,46.902609784723,0.11261855926752287
493.0,46.938717204473775,0.024610382865019573
494.0,46.9061289382077,0.0586027351052247
495.0,46.92143490416762,0.04999953678077122
496.0,47.09617627046068,0.08550839586808447
497.0,46.84791430038975,0.010231162768268262
498.0,46.870877500929545,0.008344704735860693
499.0,46.880561902124825,0.0038997873333853792
500.0,46.94041714584554,0.02449018734700908
501.0,46.97262905981145,0.008514873992125443
502.0,46.95516029244406,0.028538832353629
503.0,46.98759682003084,0.043179281929331334
504.0,47.02926831244785,0.02242483672072367
505.0,46.883689163725,0.08693408626789428
506.0,46.77674170811821,0.052638338069188884
507.0,46.815286673214814,0.03078707229390138
508.0,46.91110409442681,0.004775459060205881
509.0,47.02117678319267,0.056214380753725444
510.0,47.01975063556858,0.004264389484139954
511.0,46.866723856028884,0.00572549117020301
512.0,47.05605235202909,0.011766162468405256
513.0,46.85210584861236,0.018496266431356122
514.0,46.8528626265896,0.004858334036105313
515.0,46.87267106361839,0.0059198841303409145
516.0,46.54338755863351,0.006316729952026081
517.0,46.9440856057818,0.0054852430186428935
518.0,46.83066679668878,0.04886166660715567
519.0,46.97952999836059,0.009124789223615887
520.0,46.740555113119235,0.08087633076595303
521.0,46.868413238358634,0.03992914904265116
522.0,47.05121241007572,0.06275431767876541
523.0,46.85581803598301,0.003730697509947251
524.0,46.935227309748754,0.041851780436337895
525.0,47.05802667780683,0.056880940385638144
526.0,46.971485136848266,0.04609494920485667
527.0,46.88734848813188,0.026396657196340285
528.0,47.03843202305004,0.0031178654369231522
529.0,46.75535140734117,0.12446025587078
530.0,46.98473813686625,0.08175057912981658
531.0,46.433181140793934,0.04351513591516948
532.0,46.87888292801308,0.22403248470280684
533.0,46.94237856181653,0.08481580371348921
534.0,46.87197899970429,0.03358591094595203
535.0,46.90995941292778,0.06066660613958513
536.0,46.90021411373218,0.011832834105548263
537.0,46.69889491169736,0.12370717876097631
538.0,46.8833843921858,0.12421914525832463
539.0,46.92583391306748,0.029067078929927867
540.0,46.938730987662154,0.029934532408868487
541.0,47.00651435665816,0.12150606810103227
542.0,47.03672371358105,0.08140402443854984
543.0,47.06230662446447,0.09178687343297567
544.0,46.94874235985262,0.011992364779344502
545.0,46.91867288491675,0.015269744049467198
546.0,46.89263000924186,0.272859331738449
547.0,46.75257320152877,0.07887893172416606
548.0,46.77387893441885,0.13639982444573018
549.0,46.668481622873514,0.0805710504644553
550.0,46.68445913418004,0.009974963294976413
551.0,46.877225621511286,0.07715830791590964
552.0,46.962306568012735,0.045947931719539786
553.0,46.8860518788194,0.0
554.0,46.945205457137284,0.08944839311076645
555.0,47.03120465909668,0.03923386727629047
556.0,46.7049985708641,0.1356586609950905
557.0,46.91738476905997,0.16026487726976044
558.0,46.978976780819934,0.03516587556188165
559.0,46.756055643201584,0.11182390221520708
560.0,46.82776460084857,0.06252655242603253
561.0,46.92154132528635,0.016424437231109826
562.0,46.588655214166586,0.17788723582946836
563.0,46.55945948311213,0.059342644106339916
564.0,46.630454607838885,0.006618798922553078
565.0,46.88947661573779,0.1317280857378306
566.0,46.859918614921014,0.04400626901795874
567.0,46.83160212857437,0.05229528869787207
568.0,46.77001954250662,0.04343839098062106
569.0,46.765561333913304,0.022478455056551886
570.0,168817.32822337805,40.998446732263794
571.0,167577.6262019231,818.271693353172
572.0,168799.0248905566,1307.3405895250442
573.0,170395.32992400028,293.9079692648629
574.0,248807.1794871795,0.0
575.0,197316.92307692303,0.0
576.0,170433.07261366083,386.1844496403484
577.0,167988.8854425145,1601.627921273195
578.0,167266.24562056243,11.421967124992362
579.0,169405.07510654652,136.56214491018065
580.0,169150.86629001884,422.68662660352624
581.0,171112.32132208877,18.28812238150873
582.0,170298.446197677,873.6254425819527
583.0,170011.26796925426,268.4976920263815
584.0,170562.77560480952,212.3078318977831
585.0,423067.17948717956,0.0
586.0,46.855584264151474,0.03358358895056207
587.0,46.78582415888495,0.10160506000957373
588.0,46.89724523986409,0.13566265438365752
589.0,46.558878703866974,0.38999678397912446
590.0,46.98037606919611,0.20531632778407882
591.0,46.73802752525383,0.01979545624851242
592.0,46.86616011103622,0.0611363555404388
593.0,47.04159135871474,0.10722192611766077
594.0,46.5987842451286,0.2679295697199956
595.0,46.726849969344244,0.11425513563898594
596.0,46.913256891762224,0.06932342589543476
597.0,46.92236777244594,0.019927082217459275
598.0,46.84493996432368,0.08827909812596504
599.0,46.73781753694022,0.2593680332418568
600.0,46.79765144823628,0.050560641514629384
601.0,46.6829005569699,0.0684701106560975
602.0,46.669216100226606,0.007664053730674275
603.0,46.76735700121314,0.04763490502314967
604.0,46.71983630015664,0.040385738128897605
605.0,46.87514699385447,0.14118777850035463
606.0,46.66835746890753,0.12441365159318918
607.0,46.83379655353724,0.11122940059457603
608.0,47.031239061169806,0.04840060652876154
609.0,47.163746932766294,0.14702874908894373
610.0,47.13788637310131,0.08756075898005998
611.0,46.86562639565824,0.15682442748741438
612.0,46.87349262598436,0.05354896106228637
613.0,46.83282676084783,0.1115339707540863
614.0,46.9418932465145,0.07786588249419095
615.0,46.865244798849716,0.05992177179640041
616.0,46.990767206649245,0.0707253553345971
617.0,47.071136652405826,0.025547760958357105
618.0,46.814978000938844,0.008601045810475254
619.0,47.17499305812974,0.1063785203291891
620.0,47.02990330899769,0.1678232956435717
621.0,47.05903815747304,0.06844209704162182
622.0,46.90980751203207,0.09534228126704451
623.0,46.91570524023047,0.023970351406472794
624.0,46.84126755126562,0.08296033576201466
625.0,46.91114785508067,0.03299971742680257
626.0,46.8952437957357,0.04021643991821741
627.0,46.838945674865705,0.058433440795283564
628.0,47.12258728458865,0.003694418594512009
629.0,46.85187379275417,0.18566913999909773
630.0,46.84647331384348,0.33404249907522987
631.0,46.738788166632666,0.0227144387417154
632.0,46.886363801340856,0.14844558583348913
633.0,47.073771533395394,0.10412376898180072
634.0,46.7501222425788,0.09378721749276465
635.0,46.75741201821543,0.19821510715398055
636.0,46.77596513947886,0.30984601921883387
637.0,46.61136655711613,0.17349730919330925
638.0,46.56667705706948,0.02669664515197653
639.0,46.91681321098313,0.019327057494635317
640.0,47.16711937343936,0.10701489455618801
641.0,47.364362973208955,1.5365351920832537
642.0,46.99574456053951,0.027817571803553376
643.0,46.497774266157236,0.04891638297656254
644.0,46.863710887932086,0.23343663880713117
645.0,47.94327506158223,2.5053735761886275
646.0,46.88046447142291,0.11207130085933655
647.0,46.81776603950938,0.03892833311390951
648.0,46.84292631751964,0.035296632569636686
649.0,46.8864015642342,0.02487621064933578
650.0,46.95913517379569,0.031988331231841916
651.0,46.757599025512725,0.19872121039316434
652.0,46.793276346313235,0.07278538022521926
653.0,46.66846144604854,0.09292037032547551
654.0,46.64378531779557,0.029244915432923207
655.0,46.79881946510426,0.11852256702202764
656.0,46.82728186502869,0.032124305222164265
657.0,46.97081967153954,0.4573823496699838
658.0,46.855073581232894,0.0472546673865875
659.0,46.740170229621036,0.054043733705598514
660.0,46.754843162200665,0.10798419561160184
661.0,46.815167017653046,0.05127805256437867
662.0,46.77981230636859,0.01638574074343435
663.0,46.805808707539306,0.10989162581373944
664.0,46.712059562477926,1.0520220583438504
665.0,46.94739705359199,0.02248192632597339
666.0,46.75757107772506,0.1295369034361425
667.0,47.08751876802883,1.9852215254420809
668.0,47.00882554909761,0.04811469866905494
669.0,47.0461555398215,0.08532843639829336
670.0,46.931156773273415,0.07629405471001884
671.0,46.853878853609245,0.033585697412327815
672.0,46.89243244775753,0.10636406367095065
673.0,46.780518614379744,0.06404489415501602
674.0,46.814431439782346,0.04258499550629461
675.0,46.80757112231801,0.03413153778700072
676.0,46.82668955221473,0.018799510005904296
677.0,46.91988355218063,0.045773382245165126
678.0,46.94229665501081,0.19949666530764493
679.0,46.953401297799566,0.08151167243398628
680.0,46.930273691174634,0.0432692387607241
681.0,46.767851652600974,0.05469685416096678
682.0,46.982315109627685,0.03275707041112434
683.0,46.99073128817279,0.0028377470876711107
684.0,46.95380968396748,0.030137762411253148
685.0,46.87443269523422,0.06592760901170047
686.0,46.89229904981785,0.24874909752620206
687.0,47.03367944676028,0.06797667479663894
688.0,47.047032585757385,0.0013755670924262002
689.0,46.96188437739075,0.002299138243893217
690.0,47.277046219433736,0.562778937459586
691.0,47.011757566134804,0.1435872059705373
692.0,47.03127315919419,0.042681287672454785
693.0,46.992239769666604,0.18618666463989705
694.0,46.647846747874716,0.002488800361996473
695.0,46.75915324611172,0.13688806323391575
696.0,46.86286800968688,0.09277700928175468
697.0,46.899871763029374,0.19237167574438807
698.0,46.794779503226025,0.11035570263923387
699.0,46.921464605039965,0.05769798833605391
700.0,46.91638490505811,0.0737676435013832
701.0,47.02404680222423,0.41199610144605925
702.0,366.2477707135749,0.0
703.0,47.07195545314999,0.7942571985685201
704.0,407.7459324409417,0.0
705.0,46.876362044982066,0.36431132150077117
706.0,46.59793039770462,0.169188127814755
707.0,149.9716845077289,0.0
708.0,46.64464420941905,0.13638910963378648
709.0,46.867447158434935,0.029667265519961093
710.0,46.876850861967405,0.06845912010684008
711.0,46.8243901057418,0.4420698790248231
712.0,78.19555970831387,6.347720898742801
713.0,45.11275519225991,0.11719548417935771
714.0,73.63941419024599,5.425240194186578
715.0,65.15232272348723,1.977575105116692
716.0,67.32527136931222,5.482166538181424
717.0,45.08263573093013,0.15918902224278844
718.0,68.92646232387455,3.1722048565706227
719.0,285.27667526558474,0.0
720.0,45.166301599954714,0.047502554946063744
721.0,172.0730857987147,2.9059046137725293
722.0,45.12740932282695,0.145664814668428
723.0,45.103262763238405,0.009878301419205055
724.0,45.12919852220259,0.045378055167073335
725.0,45.07312373296002,0.09329118338379605
726.0,44.92623411873904,0.03819977307395293
727.0,44.99007979455278,0.017618174402992556
728.0,45.11959572263974,0.2265344531982758
729.0,61.622258156534464,0.27229411511215096
730.0,51.407527777213545,0.9588504796909503
731.0,45.18792069556451,0.010781188133831757
732.0,45.199462428219164,0.026850645193704288
733.0,64.91708279794861,3.534392842039883
734.0,112.51698095431134,5.4084558114652985
735.0,45.216529376846324,0.006717420542104694
736.0,44.95985987229211,0.14351274261787128
737.0,45.1161858908733,0.00883152306772032
738.0,45.153696080352695,0.01532626364624211
739.0,45.15920316754077,0.007458623573661188
740.0,45.230693745481176,0.05962306027801709
741.0,45.12371265167209,0.16544200586241575
742.0,45.085741641408745,0.04165152556919724
743.0,45.21151873348568,0.04700802266669715
744.0,45.1826542696778,0.17214779578571215
745.0,44.77461667349202,0.03779318399439349
746.0,44.973366147749914,0.1272275754051132
747.0,45.074706011207674,0.07649317867881524
748.0,45.02241827857804,0.024325708808212956
749.0,44.99638208153245,0.057271335760539624
750.0,44.99964145290473,0.05016191696864163
751.0,45.0899058020835,0.0014423012418590293
752.0,44.95868540074049,0.03289360236950869
753.0,44.88380099345118,0.034850013260027214
754.0,44.906692088500236,0.02238218459504668
755.0,44.97386041814941,0.032388026545835245
756.0,44.99410192565336,0.008689638901455429
757.0,45.01447317978355,0.02190371348293225
758.0,44.952076617840625,0.09649221401188342
759.0,44.940759689391975,0.07827219599512308
760.0,45.040308125009155,0.019660870042735912
761.0,44.870481243851245,0.13055930001066862
762.0,44.89945882335512,0.15004574470088813
763.0,44.981953608500426,0.17174336725763245
764.0,44.890741999281474,0.07751988809592328
765.0,44.98814122036076,0.017745078658113145
766.0,44.900730430603886,0.09866959713970967
767.0,44.88667131262948,0.07669325011664375
768.0,45.042684514231524,0.0651842257405539
769.0,45.02899157083278,0.24518680795746708
770.0,44.78738014131521,0.15435853175512937
771.0,44.90399670372465,0.08089986784991501
772.0,44.95549229179761,0.1264417870568112
773.0,44.78908908688168,0.24282452767461205
774.0,44.80807838916604,0.16066047549971832
775.0,45.1381955480417,0.28339714299531504
776.0,45.06840103468784,0.10977513933773429
777.0,44.9219429522462,0.0635527164556988
778.0,44.88505210131827,0.0
779.0,44.62424368200758,0.11894246786272152
780.0,44.914731351918405,0.23628821794396226
781.0,44.87613700897091,0.03463965937978246
782.0,45.006560281748676,0.1018372206947195
783.0,45.07128474895199,0.06477981097720188
784.0,44.93490057260852,0.28327751729174894
785.0,44.919842321970734,0.12962214362098026
786.0,44.83459750422673,0.05230051530809228
787.0,44.7888069460318,0.08702980318885262
788.0,86.44987914119152,1.3886778655725038
789.0,44.67112964992198,0.01824399835131714
790.0,44.908518225498035,0.04208331877210794
791.0,44.98994427449431,0.01929030294735583
792.0,44.399116468427266,0.00937597990780839
793.0,44.948548778493326,0.27876580895434017
794.0,46.71311948883897,0.019453208904145855
795.0,46.79953705521845,0.09062021341671699
796.0,47.09206748211231,0.21381319347022465
797.0,47.14087312215397,0.045197273131663114
798.0,46.9323587416411,0.005838595040268287
799.0,46.869838780268225,0.004132710961012327
800.0,46.86429053442347,0.012274631224511475
801.0,46.9581877307685,0.04209841624534342
802.0,47.05695216495569,0.006661095971066085
803.0,46.97264095006557,0.05560758324615551
804.0,46.93500834601949,0.023043546046146765
805.0,46.958897550159705,0.028873828447321503
806.0,46.99335072224476,0.08404189683983299
807.0,46.629351578945524,0.013210781277652794
808.0,46.700105842428655,0.06892350938525237
809.0,46.51118257277132,0.013093945185100712
810.0,46.643326856062615,0.034641916955073286
811.0,47.01986120773639,0.24512366718888676
812.0,46.469703851274446,0.05162877180204882
813.0,46.84983293435006,0.1508003344337542
814.0,46.90399684411928,0.09099637408289354
815.0,46.96887927628147,0.18522420074607845
816.0,46.55091608925653,0.0063743773148776835
817.0,47.043848216780866,0.0712952596965659
818.0,46.99381961082807,0.2396656427016267
819.0,46.7326572255982,0.009765680716979091
820.0,46.84635460274514,0.2231492655010356
821.0,46.79365476684558,0.27964740341958594
822.0,46.99504587410072,0.12314749549911704
823.0,46.82208920193854,0.03947445573443649
824.0,47.05332947266363,0.10713873568093206
825.0,46.970890179914825,0.0732237577754842
826.0,46.88293462995468,0.15282673282082576
827.0,46.700814386471926,0.031239398137371737
828.0,46.98678543337059,0.006309514488721507
829.0,46.626640336924794,0.023449735140322583
830.0,46.78276274350461,0.05195658209623255
831.0,46.68680061586974,0.00791847810890826
832.0,47.078145898724486,0.02245677655071656
833.0,47.02460197080777,0.005471769017854758
834.0,46.79920583875859,0.004318123402170279
835.0,46.67903442340219,0.11153395805016145
836.0,46.96589527869928,0.02941208886168796
837.0,46.869479014976456,0.11044750271095065
838.0,46.793583402468485,0.05809101015550381
839.0,46.947520092877355,0.21752701558077284
840.0,46.86627644262133,0.12054589904149034
841.0,46.973945368959214,0.11972330077027352
842.0,46.936959356712464,0.0912784807910365
843.0,46.924909380494235,0.066121670149613
844.0,46.926942307807586,0.07225679004706874
845.0,46.9691310805548,0.05985882521569181
846.0,46.97545385454756,0.012918795443430912
847.0,46.9243247152636,0.23855539555327082
848.0,46.864990179256665,0.02093277084014121
849.0,46.826201616023866,0.07832483557082516
850.0,46.9071248458833,0.10840417475399035
851.0,46.991967551890276,0.009665727686429626
852.0,47.0353579034263,0.020669278528018475
853.0,46.96091829351068,0.07111534373874559
854.0,46.88473819600012,0.06533279208816747
855.0,46.84669853265502,0.016731921221670262
856.0,46.91293011058576,0.11408732536626966
857.0,47.09060459073553,0.009904673022907947
858.0,46.99500712586011,0.05211285432949819
859.0,46.98838933255808,0.019952418319553963
860.0,47.003054560525975,0.013838370476361293
861.0,47.04483977043296,0.02610541459120606
862.0,46.940218742736356,0.22216766846750308
863.0,46.85093142680479,0.21561135900872283
864.0,46.99060487956278,0.02535518788332066
865.0,46.879825337376495,0.11741287629534138
866.0,47.124216186707,0.00524721170471341
867.0,46.87029432499308,0.18358316326766677
868.0,46.8519395301477,0.25842625978926587
869.0,46.95337211560984,0.07833851560070429
870.0,46.97282225916589,0.05445882995554169
871.0,46.82707237895673,0.10561895064848516
872.0,46.76847224693296,0.021935555585163226
873.0,46.731490099883786,0.016954193396713748
874.0,46.78950286376831,0.6733322393332335
875.0,47.15979127982518,0.033452885249206706
876.0,47.10618244038567,0.08683497072986779
877.0,46.83351799599666,0.18206679982555246
878.0,46.70746918534763,0.022918334568519178
879.0,46.84262271904378,0.21008921066588992
880.0,46.866460652766975,0.05983133103990732
881.0,46.867808674115295,0.07489084854611568
882.0,46.94831091039957,0.11407517808145996
883.0,46.71382700173761,0.060284531828608136
884.0,46.71728185433779,0.0019307896041621249
885.0,47.010052326224944,0.039343949329403674
886.0,47.128351379090724,0.08739973087875622
887.0,47.11379524218027,0.06868657968726531
888.0,47.02296755588602,0.026417291023769184
889.0,47.05234160261322,0.19983543828483924
890.0,47.12375632080675,0.008606851031210339
891.0,47.12814982965852,0.0011412911294303896
892.0,46.991901224973226,0.13295753234851587
893.0,47.10672951106258,0.12228237706505998
894.0,47.021688977899345,0.22373855334714704
895.0,46.92075875893519,0.3039906398834613
896.0,46.683153877037924,0.033710402473773673
897.0,46.85787511876629,0.2344895236775326
898.0,47.039151614929914,0.13520478844447936
899.0,46.997168720520826,0.044417958676669006
900.0,46.96051417691096,0.08926371921980487
901.0,46.95133105690146,0.022000285964696484
902.0,46.941940813253325,0.09464469800139136
903.0,46.694128982948016,0.08427865642725807
904.0,46.605048762892025,0.17305891527204648
905.0,46.60958194882251,0.24280273900714458
906.0,46.99906336131476,0.007149342614447044
907.0,46.995040399552295,0.09440532350608946
908.0,46.97303746290915,0.06195917723012226
909.0,46.88094298864693,0.12666879771041317
910.0,46.735695287340356,0.0961309022774523
911.0,46.83892016756751,0.15625708469497837
912.0,46.93986209455343,0.016290954817791976
913.0,47.01366531755927,0.07566923341987077
914.0,46.98446395775167,0.3269098822684152
915.0,46.576281256342455,0.10251663764328844
916.0,46.78203005937638,0.17778796596046892
917.0,46.907881009528275,0.0031390666446422877
918.0,46.87310796294653,0.024710422032062078
919.0,46.86629914251413,0.0032381147856418583
920.0,46.896399705506454,0.07766514251409572
921.0,46.776891539440165,0.16014637328446907
922.0,46.73718117983211,0.3058156722544334
923.0,46.963822755232606,0.07399169062768089
924.0,46.95470194015724,0.15475339124945978
925.0,46.84019816668478,0.038232178848363316
926.0,46.83717465520439,0.038636031702219444
927.0,46.92020065720385,0.07395998892720156
928.0,46.99184081259325,0.05460742955815704
929.0,46.90916167827208,0.043291387238758985
930.0,46.765810732590815,0.1904765030350053
931.0,46.87348494836314,0.1571221448351467
932.0,46.94059410671529,0.08250779117964269
933.0,46.791708523199574,0.01804449956924001
934.0,46.787573775373346,0.042252402719014766
935.0,46.99526141043211,0.011283905422216915
936.0,47.00594640935896,0.029794043083550933
937.0,46.690184453641756,0.018735136255689868
938.0,46.787134602809324,0.05793703343939284
939.0,46.98764909329704,0.06074517808799732
940.0,47.04376416295708,0.009283056691860303
941.0,47.00582911460746,0.07749980315406998
942.0,46.96053798211402,0.10744599433341458
943.0,46.984364770685296,0.006988712544497547
944.0,46.91432991448826,0.15526384585516098
945.0,47.07350646967795,0.018918018746813398
946.0,46.99382321021083,0.14852922576558636
947.0,46.888727203403484,0.5069017250693282
948.0,46.68765306205315,0.12538610676999737
949.0,46.7605649843085,0.1493332579302562
950.0,46.732743859431096,0.21336903602308288
951.0,46.82977270757593,0.213539201875332
952.0,46.960613957583455,0.31100786527527086
953.0,46.99435545176823,0.178498522541205
954.0,46.993481128796205,0.0562061845079677
955.0,46.93880365060364,0.10079501514155877
956.0,47.016247363067,0.07640092422057783
957.0,47.0081996866648,0.04886677637813679
959.0,47.04993967583195,0.07344074346876743
960.0,46.814600045077945,0.00836068129688578
961.0,46.8670173517586,0.06374482155435135
962.0,46.85591422494545,0.008275239701473227
963.0,46.796020272649784,0.006465656339081302
964.0,46.83152621294091,0.09074483369965715
965.0,47.053040084869444,0.10845380817807324
966.0,46.95286450631424,0.007884375569240806
967.0,46.58007838520421,0.00905593844673398
968.0,46.79165054100101,0.009682910462422823
969.0,47.064795926964145,0.009807471494768393
970.0,47.04978585164982,0.006690900092306229
971.0,46.85351588119828,0.01083471412849136
972.0,46.77785724953686,0.00771914277847615
973.0,46.993141098900466,0.007405061170816519
974.0,46.71315808707091,0.09333440139010507
975.0,46.96554395727586,0.009501284930925948
976.0,46.89543562248826,0.005133723210688014
977.0,47.26264475477985,0.005504029039112646
978.0,46.72445875936493,0.007605621685353646
979.0,47.04634519377375,0.007790620712105523
980.0,46.674594917070074,0.00568362314510333
981.0,46.7851032242329,0.007989330746788707
982.0,46.97922913829796,0.007219865596998474
983.0,46.73064789242585,0.00809728268707985
984.0,46.53784956540335,0.007714057789861652
985.0,46.924349818068286,0.008026246560112464
986.0,45.165422129744556,2.0173014268215708
987.0,43.02686531879896,0.008073591685199537
988.0,42.83583831625287,0.006595100308764537
989.0,42.75610082448499,0.006819608458000218
990.0,43.02226296672729,0.007649298953159725
991.0,43.03660443174178,0.0077948853669952654
992.0,42.92979004443743,0.012514926252737795
993.0,42.744919006103494,0.006615593522220241
994.0,42.85915986710199,0.00759837774276157
995.0,42.934193896039076,0.006201739940877445
996.0,47.07855222874591,7.105427357601002e-15
997.0,20.0,0.0
999.0,46.74620404481031,0.008825090050500136
1000.0,46.44323690065054,0.006783184479563266
1001.0,46.770675369464485,0.007231077057620365
1002.0,46.60898721917518,0.00805343936016775
1003.0,46.773845472742465,0.008121468623663445
1004.0,46.95997865782834,0.007338095556880257
1005.0,46.75359565594325,0.005683150200747983
1006.0,46.84236445526416,0.011195096666931253
1007.0,46.53264230223066,0.006653794071300953
1008.0,46.98862272780674,0.00514731351213482
1009.0,46.781084014484044,0.007662716593744674
1010.0,46.87950959872789,0.005449586038934621
1011.0,46.53375121613772,0.006836467036672741
1012.0,46.64542772538543,0.008390008665082086
1013.0,46.72426327032063,0.004957570839300339
1014.0,46.98164847636888,0.006579138122013734
1015.0,46.785490864645574,0.005127808944638178
1016.0,46.76403209128853,0.008401878206399711
1017.0,46.67450821069304,0.006800375976306374
1018.0,46.82807066584194,0.008133360415474723
1019.0,46.59647761664022,0.003882297238364436
1020.0,46.43025306175073,0.006191921764075453
1021.0,46.60180139415929,0.009950888839776042
1022.0,46.3704549945602,0.006910065933703744
1023.0,46.72240816428354,0.008103698439176722
1024.0,46.7116238947395,0.007965513425007394
1025.0,46.8045800892185,0.005908694332927777
1026.0,46.86501938559336,0.008557176246660044
1027.0,46.574711437339126,0.007898898557995348
1028.0,46.78007964576675,0.008595481777008654
1029.0,46.73187751771476,0.0068819547417803125
1030.0,46.923255840268155,0.008171696789274553
1031.0,46.8853753101138,0.0072628909313960915
1032.0,46.74057001523982,0.0036025915842876352
1033.0,46.777245632099564,0.006038120083821269
1034.0,46.818049635140376,0.004360555323099931
1035.0,46.899943204435075,0.004699294757453789
1036.0,46.784599408510154,0.006689987815589995
1037.0,46.707826432185655,0.0003324637008948235
1038.0,46.4749706350619,0.004543290663906408
1039.0,46.73662920876639,0.007540251672242642
1040.0,46.69101670226883,0.0034386974313747576
1041.0,57.19222339705804,1.4210854715202004e-14
1042.0,46.61421719184142,0.0053640710301645494
1043.0,46.633338599838766,0.0043116384822730605
1044.0,46.856875901612845,0.010766125321840972
1045.0,73.5431428073715,0.7981996653743622
1046.0,46.73601189086817,0.008716458699392292
1047.0,47.01130499804746,0.0072432516471636925
1048.0,46.919515020291634,0.005500245106024081
1049.0,46.64448389198559,0.005395582665802912
1050.0,46.86325564388388,0.1443540072269
1051.0,46.739549618129054,0.11614168591182557
1052.0,46.76658878164204,0.009719113812224497
1053.0,46.73959119396098,0.00499868253631488
1054.0,46.6629177873572,0.006766751477482333
1055.0,46.84248890106212,0.0004947861451449504
1056.0,46.52151367468391,0.00036724249257822023
1057.0,46.756428528978475,0.007140367776099316
1058.0,46.61270929295138,0.0003627766205295539
1059.0,46.83920548688843,0.00012153474070331072
1060.0,47.07326720112175,0.0009656667805408028
1061.0,46.908142692588676,0.0002021072712492194
1062.0,46.95745481787145,0.006277579198844853
1063.0,46.70177829155994,0.00043137525610609603
1064.0,46.86214265256813,0.004341821593181193
1065.0,47.0825855570815,0.0005009185863337933
1066.0,46.6836178693108,0.009653423645758752
1067.0,46.33368848485338,0.00020210727124858643
1068.0,46.836211005916034,0.00012591037082414672
1069.0,46.78359077045622,0.0009193835118835221
1070.0,46.762510832952344,0.0005508672387284104
1071.0,46.88323801314651,0.006570307016330313
1072.0,46.48942850313764,0.0006790978319916504
1073.0,46.80970495416115,0.0003572377209004493
1074.0,46.598642439332586,0.00012141981421595503
1075.0,46.79872331917038,0.00042416140890398423
1076.0,46.67562985379371,0.00018974605311042428
1077.0,46.72101414306926,0.000518078416275902
1078.0,46.63401433299708,0.00019846540049638187
1079.0,46.635276588549694,0.0005697852221226677
1080.0,54.71510231199589,7.105427357601002e-15
1081.0,47.00633765980999,0.1278407350546891
1082.0,46.99992543664616,0.16113710873023912
1083.0,46.90096464588322,0.01161976994255918
1084.0,47.029694622357056,0.8318517019438428
1085.0,46.97320697389288,0.6114315147717512
1086.0,46.620299191337935,0.00952111652837965
1087.0,47.03258185787249,0.029786062417369013
1088.0,46.82566727443684,0.1839387288513817
1089.0,46.75406605199688,0.12067503003915706
1090.0,46.80667609031373,0.005000959351590895
1091.0,46.81318529820483,0.07860077296431096
1092.0,46.62436180888221,0.016497483965705394
1093.0,46.82389247941488,0.010701050560007558
1094.0,47.12081735445965,0.3222176212377475
1095.0,46.96084074634124,0.007765999482078228
1096.0,47.000404869476114,0.009320583832231007
1097.0,46.703246060199525,0.1944247644350281
1098.0,47.01467571320504,0.17246887794766866
1099.0,46.6215001115922,0.041078476503783226
1100.0,46.93687752515459,0.029711835571238323
1101.0,47.11791769263206,0.005661574519851142
1102.0,46.929687381520885,0.07748183732741298
1103.0,47.10030185403328,0.007257100843776806
1104.0,47.15749856150254,0.04827672280460345
1105.0,46.56418051141129,0.08760875095162644
1106.0,46.89782094793225,0.145847475184683
1107.0,46.73509837019839,0.1172391071882797
1108.0,46.67317663064849,0.009737445499909295
1109.0,47.56293307999828,0.5310475359228866
1110.0,47.853312994432756,0.16384799433040673
1111.0,47.91309659109533,0.1826441631092494
1112.0,47.59757279388211,0.018339025679177667
1113.0,48.2112869348038,0.008903679058874634
1114.0,48.024000270390765,0.026949219469720585
1115.0,47.6917382506132,0.011479755506813556
1116.0,47.87923739424221,0.14895252890852567
1117.0,47.908586310845095,0.008473403556574643
1118.0,47.93595871749085,0.06801951456779058
1119.0,48.01884997627939,0.006982436116144489
1120.0,48.13067261072285,0.07937213331877274
1121.0,48.045135373123216,0.03545881184698828
1122.0,48.15609274960364,0.3835349177347318
1123.0,47.877808357400205,0.021658629088528197
1124.0,48.00749147702569,0.006034728321074845
1125.0,47.93780014519034,0.09534467494273528
1126.0,47.95200791034479,0.062078305535106994
1127.0,47.85038274801205,0.010865802507657634
1128.0,47.90310994622835,0.006817257421143597
1129.0,48.0177368589017,0.017550223592672342
1130.0,47.775067674832904,0.004348557728427897
1131.0,47.87958756434318,0.06964223697496075
1132.0,47.87731883360304,0.008480418428401899
1133.0,47.79379733787573,0.032581143171027595
1134.0,47.97429973840327,0.2383587191181805
1135.0,47.95854586189777,0.00554797248614543
1136.0,47.84837014989333,0.05868627198213387
1137.0,48.080315341092,0.06846109331860768
1138.0,48.198906794606266,0.017235534551856793
1139.0,47.94355729430284,0.05078759156026655
1140.0,48.17856067745334,0.048952292227991495
1141.0,47.78152473871817,0.009111188247095751
1142.0,48.020111475048395,0.010916726705873141
1143.0,47.880492293307704,0.035390956403562164
1144.0,47.94938146702698,0.012760570137692216
1145.0,47.792020101587795,0.1844225079898955
1146.0,48.05973632096972,0.021896981176401605
1147.0,48.01035347212037,0.015600521714514514
1148.0,47.77288882406161,0.004140096109506983
1149.0,47.73946762341912,0.07166832758821329
1150.0,47.90646826957603,0.07963780940081684
1151.0,48.0887517547639,0.19357787943212798
1152.0,47.82289840292201,0.0032035371776193994
1153.0,47.804321004900046,0.009876881834866938
1154.0,47.748594579499915,0.009548065800781698
1155.0,48.15341157710126,0.00698711555969423
1156.0,47.8775848790862,0.26110734525789897
1157.0,48.141621211112934,0.007992042958872628
1158.0,47.801031074533455,0.06672591738298668
1159.0,47.93056457574078,0.01119125638924801
1160.0,48.038953015270195,0.006566004300871815
1161.0,47.95224942348431,0.12242403619865452
1162.0,47.75110276207507,0.007753479868933939
1163.0,48.054753766189535,0.07960097246390922
1164.0,47.78906905737954,0.005143111923959413
1165.0,48.080200898570894,0.10123264072188792
1166.0,47.89417582864816,0.012959446394746464
1167.0,48.06879627000391,0.012498587977610023
1168.0,48.11172887372594,0.3412362006312657
1169.0,47.92206399549417,0.024289567584366987
1170.0,47.91873429356286,0.10260353342823737
1171.0,47.53485611525377,0.004541225116161365
1172.0,47.94581064392789,0.43067378380008847
1173.0,48.125936021919024,0.41893534173162694
1174.0,48.07981464880906,0.3052984086448025
1175.0,48.57735213664012,1.1210189313223806
1176.0,48.068883458353305,0.4340294614071077
1177.0,48.02478335834483,0.015155140901019118
1178.0,47.84696968305248,0.15660734854558148
1179.0,48.06531479476605,0.15358855323364085
1180.0,46.86559772939656,0.0636340901198441
1181.0,46.743977020541124,0.00688289173017525
1182.0,46.85695135365804,0.09281773005663697
1183.0,47.064301605523376,0.012047318354605204
1184.0,47.13713679912292,0.2598326501584433
1185.0,46.91275303452093,0.06095082514818459
1186.0,46.82278442262376,0.27614750366713753
1187.0,46.90078004660265,0.00444115020138445
1188.0,47.36724711755312,0.9588033538828264
1189.0,47.66511361754139,1.2694543548244253
1190.0,46.97214960750485,0.1256024481719568
1191.0,46.86249592115766,0.0782501175231677
1192.0,46.853439616035324,0.0803361543545016
1193.0,47.308547421193026,0.7708606572596062
1194.0,46.904476389246874,0.049588310099357776
1195.0,46.87529186249375,0.07829520073438712
1196.0,46.82170816117819,0.360289705294786
1197.0,47.00670373012631,0.006855188099968747
1198.0,46.93947807905225,0.136820758096692
1199.0,47.06715049115336,0.004981702742847971
1200.0,46.92352711234886,0.004116244609367297
1201.0,46.6207269002348,0.003534753030077164
1202.0,46.71866914023758,0.05500529575295669
1203.0,46.922741847579864,0.02115999935565513
1204.0,46.77918752171659,0.1266231506467708
1205.0,46.79555142172731,0.09502715305861059
1206.0,46.93594892169465,0.00788406443715598
1207.0,46.8203705953233,0.04957430663810828
1208.0,46.73803676232931,0.00628721095432596
1209.0,46.85972352900027,0.07666087869224099
1210.0,46.74793430299581,0.025982860916565875
1211.0,47.02799969889112,0.10018851993384069
1212.0,46.809965807995106,0.0030303029738881497
1213.0,47.07398371738659,0.07300870238166485
1214.0,46.91366014169293,0.004827732502607326
1215.0,46.59287749750097,0.043145888101677646
1216.0,46.819419415992186,0.04801927292279716
1217.0,46.91839918175416,0.2740710731909057
1218.0,47.10309259640761,0.006078344087526994
1219.0,47.1053670145573,0.03280339520637692
1220.0,47.05028277868926,0.048962463787205715
1221.0,47.036140376747575,0.003852854986203266
1222.0,46.7399604137484,0.003917074514073622
1223.0,46.994603792990134,0.003061589582549188
1224.0,46.684384718445784,0.04396049327937651
1225.0,46.97191406037204,0.06505551847080075
1226.0,46.41691497132687,0.0043887600431731935
1227.0,46.92221322238664,0.0034509803487674504
1228.0,46.92919249220364,0.01661769471172794
1229.0,46.949263964859384,0.03212636910074193
1230.0,46.98234422925063,0.0029442291929980637
1231.0,46.826464913340516,0.004750009528675081
1232.0,46.724094661879334,0.04671599732985504
1233.0,46.77716794613021,0.04430380372390795
1234.0,46.89217069469858,0.008982416837573743
1235.0,46.87653378498899,0.007588201354093278
1236.0,47.06633818505192,0.007584401653945953
1237.0,46.92840891194369,0.007460363081946767
1238.0,47.01255841325056,0.061246336571596144
1239.0,46.975427093361255,0.015194308924912376
1240.0,46.99474426777774,0.009380161320004738
1241.0,47.04923387414394,0.013695848222534718
1242.0,46.58289357593227,0.017932488432719027
1243.0,46.77738739384464,0.005982835023882333
1244.0,46.818958313712365,0.005575981644584011
1245.0,46.955801786476236,0.014542194427416852
1246.0,46.94234175594006,0.005428618425584744
1247.0,46.84063504758653,0.01841326069349038
1248.0,46.739405983892425,0.04534444382469366
1249.0,46.880372978530644,0.1969423837495267
1250.0,47.0983530846867,0.11210635606038014
1251.0,47.08792309076766,0.11676398233085691
1252.0,47.0022092383174,0.21826789057680843
1253.0,46.66880827477209,0.008193012703217352
1254.0,46.67850121396019,0.026424432827713302
1255.0,46.76159937753128,0.11646343815006624
1256.0,46.85076950209979,0.0606150730432774
1257.0,46.90565666788525,0.017614500591874083
1258.0,46.840127581787186,0.043773017443123376
1259.0,46.97752980347342,0.10395939783325082
1260.0,46.905873125155566,0.13820392603471018
1261.0,46.9481056104014,0.00656932028842666
1262.0,46.876093956624736,0.047508152320272196
1263.0,47.07077213010926,0.03511623185766461
1264.0,46.88053910160054,0.03636629842279783
1265.0,47.00329622796133,0.06573670163001276
1266.0,46.68031255896235,0.005868601626591078
1267.0,46.68863983778023,0.006323944037771174
1268.0,46.78531032927879,0.006177132501120056
1269.0,46.66996982079609,0.005169169049202842
1270.0,46.8405651113873,0.0017241768213778535
1271.0,46.75837018165887,0.02995475561662963
1272.0,46.96101240346853,0.005379226940979339
1273.0,46.88715669180798,0.019116211535593224
1274.0,46.94245872754592,0.008337599332753543
1275.0,46.68785037241462,0.009695756332233473
1276.0,46.87395782458574,0.00964375358423534
1277.0,46.907846104399184,0.0058725071242978245
1278.0,46.89085052696486,0.004519468198071356
1279.0,46.80537415518213,0.0115031686613398
1280.0,46.98286751436394,0.004204128907230657
1281.0,46.85006185532563,0.009020758381988549
1282.0,46.7101571143798,0.008043481542447207
1283.0,46.51127055644275,0.008898522530348407
1284.0,46.551396434211604,0.012289047612406106
1285.0,46.72361379008867,0.24604458467378618
1286.0,46.974775340305925,0.005894054580977575
1287.0,46.78675583751616,0.01203323644691604
1288.0,46.73925864809657,0.00991258332782518
1289.0,46.760549896767884,0.007010274130374873
1290.0,46.93945696160653,0.0072080433566015885
1291.0,46.75873735464787,0.008688246197996113
1292.0,46.800896540348326,0.005718743671834624
1293.0,46.879841365858084,0.008594758535795353
1294.0,46.72520286379584,0.007695883600550278
1295.0,46.608037078924404,0.006911767536765707
1296.0,47.01188496511386,0.012925409001438886
1297.0,46.93037864131248,0.006708135418199267
1298.0,46.79345155195283,0.0060043147561995545
1299.0,46.870663676986695,0.009509825270307703
1300.0,46.84878273447872,0.03072969919137957
1301.0,47.01444700873928,0.15937455236534795
1302.0,46.89893681363463,0.00880803432227604
1303.0,46.57417527214362,0.006548676738835648
1304.0,46.81958343932447,0.021404781241574647
1305.0,46.539462753667486,0.011970740089083743
1306.0,46.546549834727436,0.007442856853432748
1307.0,46.74672729720205,0.01012880512053772
1308.0,46.77355838893471,0.004784225104367754
1309.0,46.76624135278285,0.009559886291803493
1310.0,46.45332254497954,0.00914180329571792
1311.0,46.55707234070815,0.009687345716921227
1312.0,46.563109339005955,0.004723070227109083
1313.0,46.72136923487269,0.039459527936156646
1314.0,46.73469281680771,0.004203121358642597
1315.0,46.61061574340765,0.011396696960198944
1316.0,46.82093101969498,0.004938376712717971
1317.0,46.74658306792381,0.010331732277648258
1318.0,46.80749508668503,0.00840793499472884
1319.0,46.75946258238475,0.014063636514696007
1320.0,46.58346604050782,0.010549812319954863
1321.0,46.78871036103506,0.008016678568431771
1322.0,46.7486798724784,0.010712515889238852
1323.0,46.638330998241955,0.011569183079257328
1324.0,46.79878067120834,0.007856810069368001
1325.0,46.99782677991451,0.005885024190726182
1326.0,46.8183120738058,0.00742927198751483
1327.0,46.6549832649957,0.008771851104841867
1328.0,46.82205500148507,0.005896083781022283
1329.0,46.60087079444461,0.009995783989818383
1330.0,46.79693269680262,0.00741229290410756
1331.0,46.50682688923954,0.007841060642957587
1332.0,46.5196896273355,0.00525308102567303
1333.0,46.54404026141046,0.010997603116826415
1334.0,46.82902737066792,0.05687670516394736
1335.0,46.662317699223166,0.38427409891234604
1336.0,101.76458179516929,1.4210854715202004e-14
1337.0,46.64069238362281,0.009208710341232437
1338.0,46.89135814980355,0.008939445517288628
1339.0,46.8189844229458,0.010072178828811722
1340.0,46.95373010706281,0.004685760127781508
1341.0,46.80197183131664,0.00810641225448056
1342.0,63.37817335075008,7.105427357601002e-15
1343.0,46.898757070395895,0.009785116138602893
1344.0,46.5251586948422,0.007778263044249123
1345.0,46.82601645386339,0.009192309784356482
1346.0,46.81364994450578,0.008428038035569333
1347.0,46.641402237673724,0.007375117108693443
1348.0,46.84957071766857,0.011449415974743351
1349.0,46.953776208853064,0.009157905901460097
1350.0,46.76237022904413,0.006763551690934628
1351.0,46.672825090207745,0.01059013905497972
1352.0,46.606864282195914,0.009137373314609499
1353.0,46.71236828815144,0.006544368902428254
1354.0,46.83719487558112,0.009159964218110037
1355.0,46.59036964083079,0.013890733443399793
1356.0,46.51538650155278,0.00995542752032513
1357.0,46.64551417295824,0.008884062399970563
1358.0,46.79658758131896,0.010296445806132017
1359.0,46.63532854908086,0.0048415245198657215
1360.0,46.79522045234843,0.009972499029845466
1361.0,46.68507308138545,0.006769814144916736
1362.0,46.83777133529158,0.011198342053063316
1363.0,46.49256388792656,0.007866627428705109
1364.0,46.74579797935875,0.005626897643860905
1365.0,46.82955893163414,0.009393003738506843
1366.0,46.772965123119484,0.008854229958803934
1367.0,46.916409447285915,0.2540985170698578
1368.0,46.73096930184321,0.009366487282772003
1369.0,47.05646688355866,0.008474117368436552
1370.0,46.92458802126043,0.0076329582470342555
1371.0,46.701905479545424,0.00697545184065997
1372.0,46.507762226801965,0.008156466454858282
1373.0,47.02662978155737,0.009184085762662527
1374.0,46.94690986341857,0.007329812450514522
1375.0,47.072099077744824,0.009198669348725007
1376.0,47.22080907814524,0.00890859213911398
1377.0,47.0518755597771,0.008057182788576362
1378.0,47.17114081468389,0.0076395010798153105
1379.0,46.710069581665586,0.009524768699865113
